user_id;name;age;city;balance
1;Taylor Duncan;65;New Lukeburgh;4829.29
2;Ryan Giles;23;Smithmouth;893.1
3;Michael Watkins;25;West Danielleborough;6329.8
4;Joshua Hale;76;Port Aprilburgh;7419.8
5;Marissa Oneal;47;South Francis;180.12
6;David Gomez;23;East Derrick;4770.11
7;Jeffrey Perry;40;Lake Michele;4848.01
8;Allison Boone;55;Mcbrideshire;3606.44
9;Lindsey Bartlett;49;North Brookeburgh;7181.17
10;Jeffrey Jackson;51;Martinezfort;3266.76
11;Joy Mccall;22;Davidfort;8669.08
12;Scott Martinez;46;Calebshire;2766.11
13;Michael Bell;30;Hahnfurt;3858.29
14;Mariah Farley;65;East Leslieview;7207.17
15;Diana Moore;71;West Michelle;6109.73
16;April Peterson;25;West Stephen;1616.1
17;Danielle Small;67;Barrymouth;1627.78
18;Sean Frederick;42;West Shaun;2233.28
19;Anna Barry;21;Ivanmouth;2740.95
20;Christina Lutz;19;Patriciamouth;9990.38
21;Leslie Johnson;66;New Elizabeth;8627.9
22;Jessica Walker;19;North Jorge;4977.55
23;Jill Brown;73;Johnsonmouth;7955.49
24;Andrew Bonilla;59;Rhondaborough;6202.42
25;Tracey Willis;54;Geraldview;8091.2
26;Andrew Harris;76;Lake Ericside;4403.18
27;Ronald Robinson;70;Ericatown;2568.85
28;Judy Lutz;55;Micheletown;8670.11
29;Stephanie Moore;49;Lake Brittanystad;4872.15
30;David Lopez;41;South Linda;684.89
31;Angela Sawyer;57;Eatonland;7926.18
32;Andrea Lynch;61;Ramoschester;481.6
33;Helen Patterson;66;Amandaton;6274.83
34;Kayla Trevino;42;Michelleton;9717.12
35;Lisa Dixon;31;New Calvin;7288.73
36;Tammy Lewis;21;West Sharon;1696.0
37;Bridget Keller;37;Thomasmouth;3477.9
38;Matthew Myers;24;East Kimberly;711.23
39;Kristin Frazier;29;Lopezfurt;2944.56
40;Diana Beard;55;North Michael;6616.53
41;Joseph Reynolds;51;New Annport;394.37
42;Mr. Nathan Thompson;41;Coxhaven;3984.53
43;Andre Jones;68;Litown;8330.17
44;Darrell David;29;Penashire;2566.46
45;Barry Byrd;57;Perryshire;1762.0
46;Jesse Andrade;27;Vaughanton;8267.1
47;Dr. Tammy Owen;64;East Jonathan;615.91
48;Robert Walsh;47;Crystalchester;9885.26
49;Rachel Deleon;36;Richardston;430.33
50;Ronald Ramirez;53;Lake Samantha;4118.91
51;Christopher Humphrey;55;New Carrieton;5279.14
52;Gabriel Miller;69;Tammystad;5201.1
53;Christopher Rollins;70;Reevesport;1877.08
54;Joshua James;22;Port Michael;9614.51
55;Frank Nash;76;Paulhaven;5819.36
56;Robert Cardenas;30;Gregorymouth;1229.4
57;Jennifer Davenport;62;New Jenniferside;8370.92
58;Ralph Long;63;Gordonport;3606.9
59;Ruben Abbott;50;Jessicamouth;9832.82
60;Jerry Chan;72;Jenningsland;5236.4
61;Jennifer Walters;20;Moralesstad;4896.37
62;Joseph Clayton;22;Davidfurt;1913.0
63;Michael Green;66;Danielleside;9311.9
64;Dakota Higgins;53;Smithbury;7507.75
65;Megan Flores;32;Lake Robertchester;644.49
66;Justin Petty DDS;61;Jessestad;154.49
67;Aaron Sweeney;53;Dalefurt;4307.53
68;Brandy Johnson;33;Richardborough;409.48
69;Brad Riley;19;Matthewberg;3969.82
70;Valerie Flores;75;Charleshaven;9811.82
71;Rebecca Hickman;71;Oliviatown;593.02
72;Corey Serrano;29;Smithburgh;2929.79
73;Erica Flowers;76;Taylorville;9107.24
74;Jason Jones;26;Paceshire;8657.17
75;Drew Williams;47;Michaelburgh;6004.73
76;Gregory Murray;24;Lake Matthew;3603.19
77;Lisa Jenkins;34;Coxbury;6220.11
78;Kaitlyn Greene;46;New Thomasport;7667.01
79;Jesse Walker;50;Alexandriaville;1314.39
80;Nancy Stevens;33;Veronicashire;4567.2
81;Timothy Bond;65;Rodriguezmouth;1537.74
82;Kimberly Gregory;31;Spenceburgh;6975.28
83;Christina Murphy;41;Haroldton;3605.55
84;Karen Koch;34;South Erica;3033.53
85;Becky Cunningham;73;Brownchester;7615.04
86;Karen Wilson;52;South David;7789.26
87;Jonathan Hall;79;East Haleyland;1702.97
88;Steven Flowers;28;West Elizabeth;1838.96
89;Anna Dean;68;Port Davidport;1712.98
90;David Thompson;48;North Steven;3647.38
91;Brian Curtis III;19;Mooreberg;6709.36
92;Michael Middleton;76;North Tammychester;855.17
93;Christian Thompson;48;Thompsonberg;8348.42
94;Matthew Johnson;71;Brettshire;4583.82
95;Melissa Greer;76;Johnsonborough;9408.15
96;Dr. Mary Nelson;50;Terryborough;8422.19
97;Brandon Adams;31;New Johntown;5012.96
98;Melissa Pratt DVM;39;Andersontown;8422.98
99;Jennifer White;30;Weavermouth;4436.65
100;Brandi Rodriguez;64;Traceyberg;5850.51
101;Tim Williams;24;New George;1787.79
102;Leslie Moreno;61;South Charlotte;1081.77
103;Lindsay Walker;29;Port Laura;3240.44
104;Andrew Wagner;60;Villamouth;4647.46
105;Andrea Baker;59;New Penny;3282.36
106;Eric Mercado;75;Sarashire;2217.8
107;Michael Shah;29;Collinsburgh;3005.48
108;Adam King;33;Rebeccaberg;7920.43
109;Teresa Rivera;61;New Amandafurt;1038.61
110;Michael Snyder;57;Josephfort;5661.14
111;Joshua Moore;39;Port Julia;1936.15
112;Eileen Monroe;74;North Charlesberg;4070.84
113;Linda Haley MD;19;East Peterport;4613.36
114;Henry Miller;79;Butlershire;1553.58
115;Christine Anderson;67;East Crystal;1529.13
116;Jillian Martin;35;South Sheliaview;2046.09
117;Mary Lee;70;South Craigland;9255.72
118;David Andrews;45;Jasonview;3574.23
119;John Jackson;19;Russellton;3195.8
120;Christina Mcclure;75;Doyleton;8212.95
121;Timothy Taylor;49;Elizabethton;8208.7
122;Suzanne Benjamin;64;East Ryan;702.23
123;Alexandria Mccullough;59;New Ronald;9713.61
124;April Butler;33;New Jonathanstad;8290.99
125;Matthew Reed;43;West Sonyaville;3092.53
126;Amanda Olson;30;Lauraview;4222.19
127;Amanda Russell;34;Susanbury;650.3
128;Robert Hall;20;New Edwardport;1816.07
129;Terrance Weaver;63;Justinside;3117.08
130;Maria Kelly;39;East Laura;4310.44
131;Joshua Powers;57;West Joy;8631.37
132;Denise Mitchell;20;Barajasfurt;2044.46
133;James Jacobs;51;West Waltermouth;5922.85
134;Jessica Brown;32;West Sarah;790.15
135;Alyssa Tucker;65;Richardport;8720.09
136;Thomas Cooper;19;North Erica;9613.43
137;Jenna Silva;55;Kennedyhaven;7295.27
138;Timothy Smith;51;Lorihaven;8592.33
139;Deborah Fritz;67;Jasonburgh;9456.63
140;Peter Ward;34;Lake Amanda;4735.52
141;Alex Thomas;50;East Natalie;9172.6
142;Teresa Lee;78;Port Bryan;1418.17
143;Daniel Huffman;45;Kingville;9579.18
144;Amber Simon;25;Port Dawnmouth;8025.55
145;Lisa Krause;36;North Gordonchester;8146.47
146;Mrs. Cynthia Jackson;67;Port Brooketon;5286.8
147;Amanda Watkins;32;Thompsonfurt;8197.81
148;Kathleen Calderon;19;Hansenview;5584.33
149;Troy Zuniga;60;Christopherchester;6616.38
150;Francis Thompson;73;East Angelamouth;3301.16
151;Victor Rogers;45;Port Jessicamouth;7436.81
152;Michelle Carter;75;West Alyssaton;6007.24
153;Michael Mcdaniel;54;Ianport;6420.39
154;Savannah Garner;69;Jenniferport;1870.83
155;Rhonda Pineda;60;North Ashleyville;4637.25
156;Jean Evans;49;Port Christopherport;2889.85
157;Joseph Porter;20;South Matthewview;4418.81
158;Ryan Rogers;36;Cruzfurt;6183.42
159;David Ali;25;Port Amandaland;8153.52
160;Ronald Wagner;24;Johnborough;3233.37
161;Mary Hall;50;Hallville;2409.62
162;Justin Hall;19;East Nicole;3736.21
163;Ryan Larson;37;Rodriguezton;3665.7
164;Julie Burton;60;New Jamieton;7619.36
165;Peter Chen;63;New Samantha;655.09
166;Ann Rogers;67;Keithchester;1588.83
167;Shane Levy;77;East Markfort;1905.96
168;Kristen Lewis;42;Nancyland;8346.54
169;Nicole Armstrong;31;New Zachary;4717.49
170;Lisa Parker;54;Mcdonaldton;8897.86
171;Raymond Mendez;60;New Timothystad;3858.54
172;Christian Hernandez;47;Kimton;9960.32
173;Janet Sanford;76;New Christopher;5389.44
174;Amy Ingram;29;North Katherine;149.3
175;Todd Perez;19;New Jessicaberg;3399.37
176;Angela Powell;49;Samanthaton;1217.49
177;Robert Jones;64;Donaldberg;7208.83
178;Ryan Bennett;64;Port Shelby;6863.6
179;Alexander Juarez;48;Rogerston;722.3
180;Timothy Sosa;79;Gregoryport;8402.42
181;Daniel Luna;79;North Leonardmouth;9015.08
182;Regina Holmes;47;New Kimberly;1332.8
183;Sara Morse;46;West Kim;7717.39
184;Brandon Washington;25;Pamelafort;6947.94
185;Justin Jackson;40;Lake Cathy;6946.25
186;Mrs. Katrina Freeman;36;Amandaborough;1376.96
187;Andrea Hopkins;41;North Timothyfort;2571.01
188;Amanda Johnson DVM;27;Burnettfurt;3531.52
189;Marie Rodriguez;22;Robertchester;1242.74
190;William Glenn;67;North Christopherburgh;6157.55
191;Austin King;36;Johnsonside;3003.35
192;Marissa Key;35;South Coryside;6981.98
193;William Thomas;40;Kelseychester;3292.64
194;Brianna Estrada;66;West Loriberg;3415.41
195;Laura Jenkins;21;West Samanthafurt;9927.81
196;Sharon Rios;54;Justintown;9440.72
197;Mrs. Katelyn Preston;72;South Elizabethville;1008.83
198;Joseph Holland;63;Charlesmouth;7913.78
199;Oscar Young;32;Port Daniel;2734.91
200;Chelsea Bond;73;Michaeltown;1332.94
201;Lori Taylor;35;East Meghan;3688.42
202;John Blair;36;West Erichaven;3161.83
203;Maria Clark;77;Austinburgh;1150.49
204;Scott Jimenez;78;Port Alyssatown;554.55
205;April Perry;74;New David;2939.49
206;Corey Taylor;71;East Amy;4755.42
207;Joyce Ho;62;New Jordan;6617.82
208;Patrick Cox;65;Stevensmouth;1803.4
209;Ryan Navarro;23;North Brianberg;2313.77
210;Alejandra Carson;57;Rollinsview;5914.06
211;Miranda Graves;73;Ericborough;3805.03
212;Felicia Craig;53;North Anthony;7826.06
213;Matthew Walsh;31;Port Christy;9850.99
214;Jonathan Day;37;Frankburgh;693.06
215;Darlene Dawson;57;Gloverstad;1491.92
216;Todd Brock;57;West Carolynfort;6607.72
217;Emily Gonzalez;34;North Alexander;3834.07
218;Daisy Solis;61;Lake Patrick;7740.47
219;Pamela Morales MD;26;Robertstad;9848.67
220;Michael Gutierrez;47;Amandaborough;2400.27
221;Cynthia Rodriguez;69;North Andreaport;4847.23
222;Cynthia Klein;18;South Amandamouth;8865.65
223;Brent Lyons;41;Edwardmouth;2649.57
224;Mary Diaz;25;Maysstad;5883.35
225;Andrew Hanson;64;Williamshire;4171.92
226;Derek Horne;40;South Kimberly;3639.59
227;Luke Kelly;51;Jamesbury;6357.76
228;Susan Nash;46;Amandatown;4053.73
229;Jason Huber;54;North Thomas;7049.47
230;Shane Mayo;73;West Stevenfort;5319.69
231;Jennifer Smith;44;Cookstad;4115.2
232;Joshua Young;45;Flemingmouth;4686.69
233;William Hale;52;Perkinsshire;4417.87
234;Sheila Miller;62;West Catherine;2785.24
235;Mr. Sean Morgan;79;Bullockside;4952.52
236;David Benton;66;West Brittanyshire;2302.61
237;Randy Rhodes;68;Hoffmanbury;4084.9
238;Destiny Jones;45;Smithview;1509.16
239;Mary Austin;18;North Johnton;2890.08
240;Andrew Perez;20;Port Brittanyville;9095.03
241;Diane David DVM;26;Collinstown;9283.84
242;Jasmine Joseph;72;West Mistychester;808.23
243;Mary Cook;39;Walshfurt;2299.83
244;Austin Ryan;53;North Nancyland;3487.29
245;Sabrina Jenkins;40;Port Anthonyland;7370.89
246;Joseph Strong;23;Phillipsbury;2462.23
247;Justin Jones;65;Port Karaport;341.4
248;Shawn Hernandez;22;New Erin;9145.82
249;Angela Wagner;53;Nataliefurt;720.88
250;Joel Tran;28;Victoriastad;8954.73
251;Darren Bruce;63;East Brendatown;2961.19
252;Keith Ruiz;28;West Adamfort;2402.57
253;Lisa Thomas;31;Collinsburgh;4328.01
254;Anita Mays;34;South Yolanda;5702.63
255;Ms. Molly Wolf;65;East Jeffreyton;1055.34
256;Lynn White;21;Jenniferfurt;1813.57
257;Robin Powell;48;Juarezfurt;7820.99
258;Christine Green;32;Austintown;7342.41
259;Sonya Harrison;44;Brianview;2596.3
260;Roberto Jones;53;Harrisville;3448.33
261;Robert Roberts;41;Port Victoriashire;950.34
262;Jasmine Dickerson;76;West Derekshire;7268.11
263;Michael Carroll;29;Jasonfort;5555.05
264;Rodney Davis;58;New Nicholas;8453.98
265;Taylor Rojas;64;Aguirreport;9108.8
266;Christina Hopkins;32;Williamstad;8522.53
267;Marcus Watson;69;Zacharyshire;450.2
268;James Ballard;29;Nelsonport;704.05
269;John Wagner;55;Chavezchester;399.49
270;Edward Guerra;26;Port Laura;5336.02
271;Rebecca Arnold;30;Williamville;1834.94
272;Cameron Rivera;33;South Victoria;8649.08
273;Monica Callahan;44;Thomaston;5471.8
274;Stephanie Flores;28;Jeffreymouth;1989.07
275;Alicia Davis;59;Jamesbury;9944.75
276;Jeffery Preston;31;South Jonathanport;8631.14
277;Cassidy Hernandez;33;West Lisa;7705.69
278;Stephen Garcia;52;New Jennifer;7963.73
279;Julie Frazier;71;Toddville;5778.41
280;Nicole Johns;54;Osborneberg;6153.33
281;Logan Anderson;34;Watsonside;6026.05
282;Douglas Lewis;43;Randallport;9747.04
283;Patricia Becker;39;Chavezmouth;6473.84
284;Matthew Cross;40;Jennifermouth;4352.09
285;Angela Matthews;35;Rebekahfurt;9830.28
286;Zachary Allen;45;Sanchezborough;8775.43
287;Luke Harrison;58;South Nicoleborough;3628.2
288;Tanya Roman;76;Markbury;3888.43
289;Matthew Wright;35;Angelaborough;3502.35
290;Olivia Bell;70;Kathyside;8329.88
291;Bruce Robinson;50;Heatherstad;414.96
292;John Larson;52;Port Tina;1250.82
293;Evelyn Hall;46;Lake Laurietown;3144.38
294;Darlene Miranda DDS;39;New Jason;3920.44
295;Jason Gutierrez;66;New Brandonshire;2310.19
296;Caitlin Kerr;21;North Gregorytown;4893.7
297;Jennifer Kim;76;Lynnport;1719.07
298;Angela Hoffman;60;New Seanborough;7654.9
299;Sarah Daniels;66;Nicoleburgh;1968.64
300;Nicholas Davis;53;Kingland;4744.63
301;Brianna Green;51;Lake Brian;6513.72
302;Jeremy Curtis;32;Zacharyburgh;1584.69
303;Justin Reid DVM;69;New Kelseyfurt;4873.45
304;Mike Mendez;23;Harrisonmouth;2397.71
305;Samantha Wright;40;Craigport;8458.93
306;Wanda Jones;72;Lake Amanda;8314.29
307;Anthony King II;53;North Mark;520.12
308;Tammy Martin;59;East Edward;5479.55
309;Ashley Pena;68;Phillipsland;3771.64
310;Kristi Hensley;39;Deanshire;1954.56
311;Chad Reese;75;New Rachelport;1267.39
312;Thomas Ortiz;31;West Kevinmouth;4443.11
313;Nicholas Patton;53;Hayeshaven;9263.67
314;Sandra Carter;28;South Angelahaven;159.54
315;Scott Burgess;72;Laurenbury;5912.7
316;Thomas Johnson;18;Welchfort;4192.17
317;Nancy Marsh;77;Edwardsstad;8998.02
318;Angela Schultz;67;Wallaceborough;6533.2
319;Eric Harris;75;East Kristin;7892.36
320;Matthew Davis;54;New Donnaport;3010.47
321;Donald Tanner;42;Traceystad;4254.55
322;Ana Frazier;41;Brownland;7722.45
323;Cassandra Ingram;57;East Ryanfurt;8698.58
324;Alexander Mcbride;59;Jacobberg;722.53
325;Jillian Boyd;21;Port Matthewmouth;3535.24
326;John Jenkins;28;Jessicaport;7202.34
327;Ian Neal;24;Jadehaven;6676.87
328;Pamela Pittman;72;Jonathonborough;9741.18
329;Sean Dudley;58;West Valeriehaven;9648.82
330;Natasha Walker;19;South Jennifer;8860.62
331;Caroline Reyes;64;East Elizabeth;8524.0
332;Wyatt Bass;18;Thomasburgh;4240.18
333;Andre Hall;27;Benjaminborough;1821.49
334;Annette Smith;78;Lake Ryan;9463.78
335;Henry Martin;47;East Tracy;968.25
336;Brittany Tucker;22;North Ryanshire;6192.26
337;Cynthia Santiago;25;Williamsberg;5182.64
338;Christopher Sanchez;76;Brownside;9282.19
339;Jorge Burton;38;Alishafort;9995.13
340;Mandy Mccann;25;North Kimberlytown;2347.03
341;Antonio Wilson;25;West Timothytown;5391.88
342;Jeremiah Finley;34;Johnstonville;1941.64
343;Richard Cox;56;Morrisonmouth;6319.61
344;Kevin Miller;57;Allenchester;3973.06
345;Kylie Boyd;19;North Steven;716.54
346;Daniel Guerra;77;South Ashley;3721.85
347;Levi Stephenson;47;West Maxborough;2760.31
348;Ann Nixon;32;Ramirezmouth;4889.65
349;Stephanie Harvey;23;Johnsonside;4108.35
350;Allison Green;22;Port Lori;3451.3
351;John Washington;34;New Paul;4834.7
352;Sandra Garcia;53;Deanchester;793.23
353;Kenneth Turner;67;Robertchester;7248.44
354;Yvonne Price DVM;52;South Annahaven;645.73
355;Dr. Katherine Hart DDS;49;South Johnbury;2749.5
356;Natasha Martinez;40;East Austin;5475.23
357;Mitchell Hines;44;Lake Kathrynview;5388.64
358;Karina Orr;65;Ambermouth;5406.08
359;Michael Brock;33;New Kimview;4575.56
360;Michael Vega;54;East Matthew;977.43
361;Sarah Smith;28;Nicoleburgh;8925.57
362;Michael Hoffman;69;Bradleyside;5563.01
363;Renee Reilly;40;Port Cody;6086.33
364;Sean Hester;55;Lake Ashley;9904.7
365;Patricia Dillon;56;West Tabithafort;5595.98
366;Jonathan Macias;61;Wolfmouth;5152.47
367;Theresa Lopez;67;Amyborough;5346.85
368;Christopher Suarez;23;New Julia;8594.62
369;Stephanie Mcdonald;77;East Madisonview;7038.11
370;Ann Davis;22;Cruzview;8446.17
371;Emily Chang;29;Rodneyfurt;6894.86
372;Martha Hernandez;71;Christopherstad;7665.87
373;Meagan Smith;40;West Jasonfort;5230.93
374;Jaclyn Harrison;21;Smithfurt;623.92
375;Jeffrey Rodriguez;20;Hollymouth;4636.06
376;Sean Lee;28;West Cynthiaburgh;137.96
377;Mr. Philip Collins;62;Lake Shaunville;8734.01
378;Emily Wolfe;48;Kruegermouth;7881.38
379;Karen Nielsen;30;Port Logan;9579.87
380;Amanda Mitchell;33;West Daniel;8087.92
381;Dustin Ingram;38;Danahaven;3421.92
382;Max Diaz;56;Hodgesview;9344.71
383;Jordan Wagner;23;Emilybury;5687.15
384;Steven Rivera;23;South Ralph;1797.04
385;Maria Bennett;76;North Derek;8257.58
386;Susan Hurst;76;West Jennifer;952.92
387;John Nash;47;North Nancy;4417.15
388;Kylie Stanton;53;Kimberlyfort;2207.96
389;David Murphy;67;Collierbury;3332.79
390;Shannon Davis;58;Port Matthew;8644.42
391;Brandi Taylor;51;Barberborough;9311.73
392;Vincent Turner;57;Wardburgh;2671.74
393;Thomas Anderson;78;Port Lindsay;197.33
394;Kelly Davis;23;Mercerburgh;4110.28
395;David Shah;56;Brendanbury;8775.42
396;Melissa Juarez;42;Lake Jason;3196.43
397;Jason Reeves;36;East Stuartmouth;1087.19
398;Jason Avery;73;Port Courtney;8730.56
399;Paul Bailey;62;Lake Timothy;2558.49
400;Jennifer Brown;20;New Seanshire;8672.56
401;Sonya Kline;33;Brianberg;5621.84
402;Bethany Ward;48;Adambury;9789.19
403;Carlos Hubbard;29;South Nicoleside;4921.84
404;Anthony Mueller;65;West Roberttown;4182.16
405;Daniel Schneider;34;Gallegosport;1023.48
406;Lori Schmidt;45;South Bradleyton;8748.41
407;Julian Baker;24;North Jamesside;7186.57
408;Margaret Cox;48;Mayerbury;2604.48
409;William Turner;75;Marchaven;9531.56
410;Robert Hill;77;Lake Amanda;5135.53
411;Michael Mcmillan;61;North Matthew;9544.75
412;Erin Ellis;24;Perrybury;1617.35
413;Lisa Hull;54;East Anitaview;6212.28
414;Joel Gibson;60;South Heidibury;8751.09
415;Lonnie Douglas;48;Williamtown;4822.45
416;Blake Smith;24;Lake Richardmouth;5372.9
417;Jamie Carpenter;54;New Samuel;6025.66
418;Brittney Cross;47;Amandaside;244.62
419;James Johnson;34;Johnsonton;889.35
420;Holly Miller;72;Bakerland;5613.99
421;Angela King;62;New Veronicaberg;5538.51
422;Laura Clayton;41;West Sara;7485.84
423;Allison Sharp;62;Phelpsbury;2809.74
424;Adrian Fuller;49;Thomaschester;2489.68
425;Madison Simmons;36;North Michaelburgh;470.99
426;Angel Bailey;61;South Lindseyberg;4830.06
427;Mario Miller;55;Adriennefurt;5605.77
428;Logan Harrington;67;Jessicafort;2705.14
429;Andrea Anthony;62;New Stephaniemouth;592.04
430;Shannon Vargas;33;West Jonathanland;2419.07
431;Deborah Jenkins;30;Meltonton;9160.15
432;Jordan Perez;34;North Diana;7769.54
433;Charles Thomas;63;New Cheryl;2738.8
434;Johnathan Wright;67;Howardfort;3106.54
435;James Walsh;56;West Michaelfurt;7642.14
436;Dr. Christopher Mcclain MD;68;Paulside;2730.07
437;Michael Edwards;65;North Jade;451.28
438;Steven Blake;52;South Kevinside;456.68
439;Kevin Woods;34;North Christy;7355.34
440;Jorge Garcia;45;New Nicole;1264.99
441;William Turner;65;Port Amy;4932.73
442;Kara Carrillo;72;East Nina;2952.89
443;Timothy Mckay;46;Craigside;1699.25
444;Lisa Mack;64;New Kristamouth;2479.67
445;Nicholas Ellis;46;South Kathleen;8728.12
446;Mary Knight;62;Moralesside;7129.39
447;Christopher Wolfe;58;Smithside;7221.13
448;James Davis;32;Mollyville;1450.62
449;Brian Molina;26;South Nicolehaven;6189.99
450;Travis Butler;65;East Sara;3967.46
451;James Fisher;28;East James;7096.29
452;Kyle Brown;64;Port Davidfort;3675.76
453;Charles Johnson;47;Port Sharon;8193.96
454;Madison Perez;29;South Michaelside;4975.69
455;Dominic Lopez;22;Atkinsfort;9701.41
456;Sarah Perez;27;East Beth;3472.06
457;Sherry Young;62;Melissaburgh;9371.48
458;Bobby Wade MD;47;Robertburgh;5878.54
459;Brandon Gray;37;Thomasland;9417.09
460;Kathryn Rose;77;Palmerbury;756.34
461;Whitney Harper;76;East Natalietown;2997.42
462;Megan Allen;72;East Ray;7968.02
463;James Garza;27;Lewisview;2744.28
464;Vicki Santos;18;Matthewchester;4095.39
465;Leslie Mosley;39;North Williamville;2536.52
466;Elizabeth Anderson;51;Kevintown;2060.35
467;Edwin Whitney;29;Port Isabelfort;9123.16
468;Adam Arnold;32;Mataland;7031.95
469;Courtney Ball;61;Port Katherine;7359.99
470;Candice Blackwell;72;Moramouth;1702.51
471;Jon Fischer;21;Conniemouth;1218.03
472;Bridget Davis;37;West Karenport;4711.27
473;Danielle Combs;29;Port Lisabury;8696.85
474;Robert Fisher;69;North Nicholasview;8554.9
475;Brandon Schroeder;79;New Lisa;2320.05
476;Anthony Luna DVM;43;Esparzabury;8775.09
477;Mary Hicks;48;Port Wendy;2697.8
478;Matthew Gallagher;65;Port James;1443.02
479;David Wiley;50;Port Ronaldhaven;9135.52
480;Amanda Perkins;28;Jorgeville;7521.37
481;Benjamin Jones;77;New Jasmine;4546.9
482;Misty Yu;19;Hammondborough;8380.8
483;Kendra Spears;75;Kristenmouth;8910.99
484;Paula Green;50;New Charlesburgh;2340.27
485;Rachel Torres;69;New Michelle;2543.54
486;Lindsay Morgan;66;New Chrisport;5241.69
487;Allen Guerra;68;Bernardbury;6439.29
488;Ronald Torres;27;Pierceville;234.13
489;Chelsea Shea;67;New Reneeton;4449.93
490;Christopher Waters;49;Nathanshire;6577.26
491;Francisco Hernandez;20;Meyerfurt;242.33
492;Tammy Barker;32;South Sarah;639.98
493;Melody Murphy;31;Lake Crystalfort;8689.05
494;Shannon Lara;44;East Anthonybury;6223.8
495;Marc Ross;34;Sarahberg;6205.06
496;James Gordon;63;East Victor;1050.32
497;Kathryn Johnson;74;Millerville;1979.55
498;Stephanie Clarke;62;Taylorborough;7339.66
499;Caroline Holland;75;North Jefferytown;509.64
500;Terri Mckinney;41;Velezshire;8386.86
501;Brian Macdonald;35;South Corey;9386.35
502;Laura Hunter;37;East Matthew;5362.18
503;Caroline Forbes;59;New Robert;2377.36
504;Brian Smith;19;Hannahborough;3814.77
505;Raymond Moore;49;South Mason;2315.74
506;Shaun Norton;41;Reeseview;2094.8
507;Joshua Chung;49;East Anthonymouth;4458.45
508;Travis Hudson;31;Christineton;677.03
509;Jeffrey Webster;24;West Jacobtown;6102.38
510;Robert Singh;68;East Kaylaton;9305.57
511;Phillip Neal;41;Martinmouth;3823.74
512;Douglas Mullen;60;South Whitney;6568.94
513;Natalie Lawson;34;South Jasmine;8261.39
514;Danielle Gonzalez;19;Kaylaville;3972.96
515;Joy Woodard;77;Bruceside;7973.22
516;Casey Durham;76;Maryberg;326.15
517;Linda Garcia;66;Lake Sydney;7364.67
518;Steven Wallace;65;Carrieview;798.72
519;Samuel Smith;66;Brittneyfurt;9940.4
520;Joseph Long;48;South Sarahland;6733.04
521;Holly Martin;37;North Scottmouth;757.56
522;Todd Hoffman;55;Lake Randy;8844.02
523;Lori Webster;42;South Donnahaven;3589.9
524;Caleb Brown Jr.;60;New Mollyville;6051.49
525;Jessica Jones;28;Michaelbury;8109.05
526;Travis Green;53;West Debraville;5782.18
527;Kevin Contreras;58;Austinshire;5136.18
528;Bryan Torres;72;Vazquezview;4210.79
529;Megan Atkinson;19;Howardfort;5633.79
530;Martin Sims;25;East Karenbury;7099.39
531;Christian Young;79;North Bonnieville;8244.11
532;Emily Rodriguez;54;East Michelle;8961.96
533;Aimee Ellison;38;Lake Kevin;4391.78
534;Brooke Murphy;52;Port Justinview;3834.26
535;Jacob Cole DDS;63;South Bailey;2858.27
536;Kevin Woodard;39;East Lisaton;2254.12
537;Mason Colon;78;Port Jessicatown;3674.91
538;Amy Young;28;Jamesshire;4812.7
539;Bobby Kelley;56;West Dustin;7924.37
540;Stephanie Beck;44;North Edward;8172.76
541;Michelle Anderson;53;Lake Gregory;4919.01
542;Melissa Mora;23;Keithfurt;3923.78
543;Darren Montoya;26;Wrightport;7844.15
544;Randy Brown;52;New Amy;5323.03
545;William Miller;66;Lake Shelly;4315.38
546;Justin Castillo;37;Bauerport;120.08
547;Ian Diaz;61;New Micheal;7913.48
548;Richard Walker;75;Kellychester;7381.98
549;Sharon Hunter;53;Port Briantown;4175.83
550;Lisa Johnson;54;Tammieborough;8417.15
551;Calvin Collins;32;Floresburgh;3393.27
552;Daniel Jennings;21;Meganberg;3940.2
553;Stacey Meadows;32;Lake Danielland;3342.62
554;Patricia Brandt;20;South Anthonyton;6074.3
555;Vanessa Bradshaw;77;Cookmouth;9035.9
556;Kevin Williams;33;New Kimberly;1471.66
557;Julie Archer;68;East Laura;6224.89
558;Danielle Carter;54;New Cindy;3592.05
559;Daniel Taylor;79;Greenhaven;7633.19
560;Connie Dawson;39;Brendaberg;364.84
561;Erin Williams;24;Huberfort;7394.67
562;Jennifer Thomas;18;Berryville;2959.59
563;Carly Butler;34;South Joseph;2322.1
564;Leslie Obrien;56;Lake Carol;5835.19
565;Holly Zimmerman;70;Carpentermouth;7155.26
566;Pamela Hancock;44;South Ronnie;3970.27
567;Kendra Morris;47;Beckshire;6013.92
568;Marco Gallagher;77;Rosshaven;7099.54
569;Mary Mueller;27;Debraland;2790.99
570;Kara Morris;30;East Davidhaven;9985.37
571;Mark Franco;27;New Antonio;8321.73
572;Charles Wood;19;East Allisonville;8666.74
573;Angela Kelley;63;Philipburgh;4724.66
574;James Williams;68;Julieside;6357.17
575;Emily Johnson;18;New Austin;2541.36
576;Stephanie Mayo;54;New Michael;1099.81
577;Shaun Sanders;24;Port Jeffrey;1379.48
578;Randy Kelley;36;Lake Joseph;5593.25
579;Michelle Hartman;62;New Michelle;456.88
580;Jimmy James;67;Mooreburgh;7498.57
581;Ronald Myers;51;Port Darlenefort;228.27
582;Dr. Beth Cardenas;77;Taylorfurt;8188.87
583;Robert Anderson;73;Suttonbury;337.98
584;Beth Rosales;56;South Caseyton;1683.3
585;Marcus Elliott;28;Weberfurt;3574.56
586;Ashley Sloan;57;Port Noah;1123.96
587;Katie Lynch;62;Anthonyville;7568.69
588;Joseph Lee;20;South Jonathanchester;5912.36
589;Kimberly Grant;71;West Brianborough;9452.84
590;Joseph Hamilton;43;West Kiara;3457.6
591;Laurie Patterson;70;Port Nathanberg;9995.17
592;Erin Mckay;50;Traceychester;9292.24
593;Nicholas Moore;44;West Anthony;9593.89
594;Jonathan Pena;75;Port Shannonside;5592.01
595;Jessica Pena;24;New Darrylmouth;6050.81
596;Steven Holmes;28;Joechester;6160.91
597;Taylor Campbell;44;New Eugene;6026.15
598;Jamie Lamb;28;Velezland;5805.87
599;Karla Davis;74;Huangview;2569.99
600;Morgan Kirby;29;Alexanderhaven;1944.3
601;Shelby Watts;39;Port Lisafort;1498.38
602;Edward Gonzalez MD;42;Stanleyshire;2471.21
603;Matthew Reed;23;East Jamie;9267.18
604;Mariah Castillo;68;West Gabrielhaven;7636.23
605;Brandon Smith;68;Caseyland;4414.13
606;Mathew Moyer;72;Ronaldburgh;9972.18
607;Marvin Smith;64;Wilkinsbury;4878.29
608;Stephanie Gordon;49;South Leslie;4206.43
609;Jennifer Hill;64;Maryhaven;1770.56
610;John Rivera;18;Sanchezton;6162.83
611;Wendy Russell;39;Simpsonberg;4105.19
612;Brandy Stewart;60;New Nicholas;5013.29
613;Keith Jones;63;Port Sarahville;3288.82
614;Noah Henderson;47;Penaborough;4084.76
615;Heather Garcia;53;East Ryan;4260.92
616;Lee Duncan;35;Kristashire;7090.05
617;Mark Jones;38;Jeffreyland;4449.17
618;Jonathan Williams;61;West Tracie;1867.02
619;Robin Buchanan;24;Lake Walterport;4587.62
620;David Shah;49;Wallacehaven;5265.93
621;Ryan Evans;47;Jessicaside;2212.15
622;Emily Humphrey;60;Wilsonmouth;9665.46
623;Christina Wilson;62;Josephberg;4887.65
624;Robert Dougherty;50;Mckaymouth;4630.2
625;Howard Thomas;57;North Christopher;1068.83
626;Hunter Holloway;58;East Lucas;8516.59
627;Dana Grant;66;Tomhaven;3982.78
628;Jack Lin;23;Meganville;1875.75
629;Kimberly Williams;57;Amyborough;1497.63
630;John Torres;56;North Virginiaview;3128.66
631;Gerald Ochoa;76;Potterhaven;6212.32
632;Alexander Graham;31;Boydhaven;6659.94
633;Linda Norris;57;New Kennethberg;4542.37
634;Vanessa Gallagher;55;Reginamouth;8646.87
635;Jennifer Hernandez;61;South Christopherland;342.49
636;Michelle Rodriguez;27;New Kathleen;4398.66
637;Mr. Michael Cole;49;New Matthewborough;8591.0
638;Sharon Underwood;73;Port Diana;9533.87
639;Preston Pacheco;39;New Carlaport;9109.89
640;Debbie Rodriguez;35;North Danport;1656.1
641;Anna Hurst;39;Elizabethside;3619.59
642;Amanda Escobar;29;Lindseytown;6434.09
643;Dr. Melissa Goodwin;19;Veronicaton;6188.37
644;David Garza;53;Lake Markville;5779.99
645;Ana Williams;46;Velasquezland;7977.37
646;Rachael Hill;39;Kennedyview;3992.56
647;Samantha French;23;New Deniseshire;4416.32
648;Jose Manning;74;North Jerry;7688.31
649;John Harris;74;Lake Brendafurt;4935.01
650;Crystal Smith;35;North Kathleen;9488.29
651;Dr. Angel Fisher;35;Cindytown;6279.66
652;Alisha Williams;73;Stephenhaven;1515.57
653;Alex Simon;69;Sheltonview;3174.37
654;Donald Gallagher;64;South Stacy;5356.09
655;Justin Mann;53;Joannstad;940.46
656;Nicole Landry;53;Skinnerborough;491.5
657;Carrie Allen;32;Leeshire;1788.87
658;Cathy Powell;48;South Zacharybury;8011.93
659;Samantha Jennings;71;East Teresaside;6775.52
660;Michelle Rodriguez;53;West Jamesville;4813.86
661;Brandon Morris;76;Kennethstad;6643.07
662;Dr. Leonard Parker;24;South Lindabury;7018.64
663;Joshua Eaton;40;Lewisberg;8740.47
664;April Sawyer;65;Jessemouth;3393.52
665;Robert Snyder;22;Michaelhaven;7785.95
666;Matthew Kramer;72;Sarahborough;2937.11
667;Andrea Higgins;29;Hillfurt;4318.08
668;Shannon Willis;51;Port Ianside;4122.96
669;Timothy Goodman;50;Port Darylborough;5408.45
670;Carla Brown;34;Port Juan;8117.86
671;Daniel Gomez;46;Edwardschester;7232.55
672;Ebony Baker;56;Robertchester;1137.67
673;Joel Leon;30;Fernandezfurt;8426.58
674;Jeffrey French;71;Port David;6928.88
675;Amanda Martinez;50;Portermouth;976.13
676;Benjamin Long;65;Martinezshire;5175.36
677;Emily Alvarez;55;Lake Paul;8283.21
678;Daniel Allen;20;East Danielle;4343.48
679;John Bright;41;Richardburgh;4726.62
680;Jamie Clark;78;Davidburgh;5177.3
681;Courtney Murray;72;Amyfort;2433.9
682;Heidi Robbins;52;Cunninghamport;4534.32
683;Jamie Brooks;71;East Sophiamouth;6391.85
684;Anna Macdonald;51;Anthonyside;8316.04
685;David Morrow;47;Hillborough;1432.81
686;Daniel Stanley;69;West Todd;6806.1
687;Wesley Martin;47;Port Jason;602.58
688;Joseph Wells;72;West Donaldshire;4082.01
689;Nicole Rubio;47;New Kimberlyton;1651.48
690;David Murphy;46;East Joseph;1423.19
691;Lauren Byrd;64;Petersontown;594.96
692;Paul Hull;65;North Andrea;7997.73
693;Tammy Mccoy;19;Davidland;2169.06
694;Kelly Robertson;24;Lake Brianchester;4470.32
695;Hannah Reid;56;Hansenhaven;3071.83
696;Carlos Miller;78;Nicholston;1116.31
697;Adam Davis;23;East Danielbury;4274.28
698;Jason Gordon;52;New Shannonmouth;6693.56
699;Jessica Miller;64;Nicholashaven;1002.92
700;Brandy Baker;28;Lake Heather;2173.31
701;Joshua Davis;51;Tracyview;7271.13
702;April Barnett;33;West Cassieside;2790.82
703;Karen White;30;Heatherfurt;6302.11
704;Brenda Mckee;40;Joyceburgh;593.22
705;Frances Kelley;60;Lake Michael;2332.54
706;Mrs. Kristy Ward;27;Bryanshire;2036.98
707;Bradley Rivera;57;Port Brittany;2195.92
708;Eric Marquez;39;Sandraborough;1937.61
709;Tammy Clarke;24;Lake Hannah;5652.99
710;Donna Santos;66;Port Johnport;6322.5
711;Cathy Perez;52;North Jenny;9959.51
712;Jerry Curtis;54;Rivasport;6965.27
713;Melissa Lester;76;Russellhaven;1572.73
714;Samuel Wallace;35;East Christina;2919.95
715;Matthew Briggs;44;Port Allison;7813.39
716;Karen Andrews;27;Martinshire;3041.45
717;Lindsey Goodman;66;Bookermouth;5973.51
718;Daniel Mann;39;Meyertown;9847.32
719;Tara Russell;58;Philipside;6593.01
720;Thomas Weiss;41;New Maureenland;325.48
721;Debra Benjamin;21;New Mary;4285.99
722;Benjamin Norris;52;Rachelview;4033.17
723;Timothy Dunn;62;Allenport;8761.61
724;Carla Brown;64;Nicolechester;4802.56
725;Brianna Grimes;62;Longland;8670.01
726;Rachel Hudson;64;Wrightborough;6657.46
727;Gregory Rios;46;Port Cameronview;9385.94
728;Desiree Crane MD;47;East Christian;7987.51
729;Christina Barnes;61;Kimberlyfurt;9579.42
730;Michael Davila;40;Mariobury;112.44
731;Joan Lin;41;East Erika;3856.52
732;Michael Moore;52;Lake Jordanmouth;2090.64
733;Michael Harris;23;Timothymouth;1948.83
734;Ricardo Gonzalez;70;New Paula;6195.48
735;Elizabeth Ellis;34;Mclaughlinfurt;8864.69
736;Brandon Rice;18;Port Matthew;9957.69
737;Michael Velasquez;50;North Jamestown;1056.54
738;Daniel Hamilton;37;Taylorfort;4652.26
739;Dawn Davis;61;Autumnshire;2449.67
740;Joshua Martinez;73;Matthewberg;3419.03
741;Anna Webster;79;Michaelmouth;2063.28
742;Robert Moore;23;Karenside;8797.13
743;Tanner Mcfarland;34;New Sarahhaven;2843.33
744;Andrew Anderson;78;North Tristan;5201.86
745;George Andrews;20;Lake Karenland;7572.95
746;Allison Saunders;66;East Zacharymouth;3307.51
747;Eric Price;76;New Dustinshire;2182.38
748;Scott Smith;44;Wilkinsonbury;7670.91
749;Jason Zavala;48;West Kellychester;2193.5
750;Morgan Wood;33;East Andrea;693.34
751;Joseph Russell;62;Vanessafort;9303.67
752;Cody Castro;47;Pamelabury;892.96
753;Breanna Brown;53;Hansenmouth;9156.3
754;Andrea Lewis;67;Port Davidville;9481.0
755;Jacqueline Schaefer;37;Lake Teresaville;8319.99
756;Madison Martin;35;North Patricia;8716.82
757;Christopher Lozano;29;Careymouth;833.15
758;Benjamin Vega;46;Port Carrie;4393.92
759;Katie Jones;68;East Beckyland;2739.09
760;Sarah Young;18;Sandraborough;8469.83
761;Gabriel Marquez;63;Barnesfurt;9899.31
762;Stacey Burgess;45;Makaylaport;7773.52
763;Monica Morris;23;New Mikayla;1001.29
764;Chad Brandt;30;Lauramouth;5332.9
765;Elizabeth Lewis;61;Richardville;858.0
766;Samuel Davis;39;Port Samantha;1275.96
767;Russell Davis;57;New Monicashire;7647.58
768;Sherry Pham;72;Meyerchester;7979.03
769;Charles Thompson;54;Sullivanhaven;8118.56
770;Judith Richards;41;Campbelltown;6757.39
771;John Donovan;32;Meaganside;202.35
772;Darryl Nixon;59;Taylortown;6541.26
773;Joyce Martinez;63;Port Terri;2462.15
774;Colleen Nelson;59;Lake Dennischester;8702.66
775;Sarah Walker;28;Robertsborough;4126.74
776;Megan Miller;69;Andrewtown;4509.43
777;Samuel Ellis;25;Port Paulaborough;2710.9
778;Tina Medina;40;Amandaland;4349.28
779;Steven Smith;70;Bradleyton;1843.8
780;Linda Velasquez;77;Smithport;5872.53
781;Sherri Winters;59;North Gwendolyn;5147.62
782;Michael Fitzgerald;66;Michaelmouth;9626.9
783;Andrew Potts;43;South Maurice;733.0
784;Rachel Norman;57;Evanschester;5303.31
785;John Holland;33;Randyshire;2406.23
786;Elizabeth Johnson;79;New Susanburgh;7675.68
787;Troy Hobbs;43;East Ericbury;8032.68
788;Andrew Roberts;58;New Mariaton;4325.17
789;Brady Miller;71;Hardinview;273.88
790;Robert Sparks;21;Raymondport;7409.78
791;Mary Ramirez;78;South Leslie;283.95
792;Denise Harris;48;Luceroland;1075.1
793;Joshua Perkins;51;Nicholsview;923.82
794;Manuel Johnson;67;Hallmouth;6482.54
795;William Hood;42;Cunninghambury;2649.58
796;Kyle Morrison;61;Williamsborough;8766.61
797;John Anderson;35;North Katherinemouth;5055.96
798;Gary Robinson;31;Richardfurt;2211.97
799;Kevin Blake;27;Lauratown;6868.7
800;Holly Tucker;52;East Ronaldport;6610.65
801;Tom Lopez;43;New Aaron;1797.24
802;Brandon Harris;49;Latoyaview;8263.39
803;Alyssa Williams;66;Clarkfort;8184.83
804;Emily Greene;59;Nguyenhaven;8883.7
805;Cynthia Martinez;45;New Thomasland;2602.78
806;Dennis Diaz;28;Franklinborough;3194.94
807;Todd Savage DVM;45;New Tyrone;1871.13
808;Beth Burgess;71;Marthamouth;7997.35
809;Samuel Hughes;73;Amyland;9175.19
810;Cameron Gardner;68;Emilyshire;8929.29
811;Donald Miller;39;Gilmorechester;1327.25
812;Anthony Hart;18;Jenkinsberg;4266.88
813;Barbara Rivera;21;New Richard;5084.32
814;Megan Howard;56;West Andrea;6530.36
815;Lisa Waller;32;Aaronfort;3146.74
816;Alyssa Gilbert;70;Heatherhaven;3614.79
817;Kyle Dixon;70;Kellyville;9933.82
818;Mary Hopkins;49;Chanbury;7114.31
819;Taylor Smith;38;North Jacob;3395.88
820;Danielle Johnson;41;South Melissa;7327.85
821;Eric Silva;60;Wisemouth;7803.87
822;James White;36;Mckenzietown;4555.04
823;Heather Berg;73;Thomasmouth;5049.44
824;Phyllis Rojas;70;Petersonborough;7666.36
825;Derek Roberts;26;Hallborough;5766.46
826;Adrian Cook;58;Muellerbury;1961.76
827;Cynthia Giles;55;Valenzuelaton;3944.14
828;Jeremy Harris;44;Gomezfurt;9058.2
829;James Zamora;47;Elliottfurt;6761.61
830;Scott Fischer;27;Turnerfort;3617.66
831;Cindy Sanchez;57;Lake Barbarahaven;4082.6
832;Abigail Swanson;53;North Robertton;7730.31
833;Yvonne Wells DVM;51;Watsonberg;8775.45
834;Steven Beltran;28;Douglasstad;3745.57
835;David Barry;46;New Christinamouth;8105.91
836;Diane Pearson;33;New Jason;5012.9
837;Robert Shaw;32;South Robert;7868.53
838;Darrell Cox;75;Kaylaton;4874.32
839;Deborah Mclaughlin;46;New Timothymouth;5536.43
840;Shannon Aguilar;46;South Donna;9365.66
841;Justin Ruiz;63;South Lori;6984.41
842;Eric Jackson;51;South Eric;6411.68
843;Kevin Hernandez;30;Jenkinsfort;4157.08
844;Erica Guerrero;37;West Ashleyland;1070.67
845;Jacob Bass;55;New Taylorland;330.63
846;Michelle Horn;63;East Jasmine;1590.13
847;Brandon Villanueva;56;Smithfurt;5013.17
848;Nathan Johnson;72;South Loriton;6623.61
849;Dr. Erika Rodgers;47;Davidberg;7106.93
850;Cole Travis;54;Laurenfurt;9474.36
851;Megan Massey;47;Markmouth;4122.02
852;Sierra Edwards;72;Lake Josephland;6179.38
853;Kaitlyn White;61;Brownchester;8920.49
854;Virginia Howell;70;Kendrashire;8814.34
855;James Miles;38;East Marissa;1415.56
856;William Anderson;18;West Ericfort;7084.39
857;David Butler;29;Petersmouth;5298.48
858;Dennis Sharp;29;Robertborough;4026.72
859;Bryan Cook;76;Millerview;1009.84
860;Micheal Lopez;29;Lake Angela;5478.37
861;Chad Reed;45;East Vanessaport;4948.48
862;Kathleen Foster;62;Port Jamesshire;7821.0
863;Mitchell Padilla;34;Munozstad;6726.72
864;Ernest Parrish;61;New Patriciamouth;6291.12
865;Lisa Williams;51;Lake Tim;7573.27
866;Kevin Khan;67;Carlsonchester;5934.57
867;Chase Rangel;23;Port Desireeton;8065.49
868;Shelley Howell;22;Port Aaronport;5820.51
869;Tina Mason;56;North Gregorystad;9472.63
870;Lori Garcia;31;Sarahhaven;1744.79
871;Melissa Cox;31;Moodyport;219.29
872;Thomas Gonzalez;71;Marksshire;692.35
873;Shelley Carr;73;West Kathleen;8575.44
874;Amanda Richmond;72;Rowlandbury;644.36
875;David Sullivan;32;Johnberg;2055.33
876;Joyce Smith;50;Burchmouth;4495.79
877;Ronald Miller;24;East Tammy;4213.22
878;Miranda Davis;70;Jayborough;452.95
879;Jonathan Buck;35;New James;7815.33
880;Mark Rodriguez;35;Alexanderton;4021.1
881;Matthew Blair;70;East Emily;2714.97
882;Shelley Warner;19;Port Nicholas;6441.71
883;Blake Little;31;Wardfurt;3485.81
884;Angela Lane;30;North Danielchester;5859.78
885;Theresa Foster;25;Riveraborough;5476.82
886;Pamela Lynch;38;East Lindsey;3128.74
887;Jennifer Rice;32;Andrewport;8249.4
888;John Mosley;31;Robinbury;8852.46
889;Henry Atkins;19;Craigchester;2214.15
890;Ryan Green;22;Thompsonland;4322.37
891;Darryl Hampton;68;New Brookefort;820.92
892;Jason Bass;66;Mitchellfurt;8518.05
893;Ashley Wilson;74;Port Brianfurt;7370.19
894;Caroline English;40;South Julietown;6470.52
895;Jennifer Hoover;22;North Robin;3562.91
896;Kevin Moore;44;Port Hannah;9422.46
897;Travis Miller;32;West Ryanmouth;8433.53
898;Heidi Pollard;46;Port Christian;6425.28
899;Julie Stanley;29;South Jasonhaven;8211.97
900;Rachel Lambert;51;New Ericmouth;7655.22
901;Ashley Thomas;29;Hallburgh;4588.73
902;Thomas Charles;78;East Devin;4445.82
903;Travis Wood;56;New Debra;2939.53
904;Jacqueline Andrews;19;Williamshire;7840.15
905;Andrea Meyers;67;Williamshire;7822.51
906;Lindsey Young;79;North David;2398.29
907;Martha Morgan;47;New Benjamin;4950.85
908;Daniel Pittman;20;South Robert;4632.31
909;Kristin Calhoun;69;South Mark;7462.65
910;Brandon Nelson;43;New Allisonview;9956.74
911;Amber Coffey;27;South Jefferystad;1570.23
912;Jonathan Garcia Jr.;33;Jonesburgh;8955.43
913;Elizabeth Bullock;27;New Lauren;1596.57
914;Jeffrey Robinson;51;New Gregory;4788.33
915;Chloe Bell;76;Calderontown;7595.38
916;Stephen Burns;26;North Brittanymouth;7877.32
917;John Fischer;74;Tracychester;8089.59
918;Tiffany Hill;23;Michaelside;1605.53
919;Christopher Garza;34;Maxwellborough;594.49
920;Nicolas Garcia;50;North Jessicabury;1155.99
921;Scott Allen;69;East Robertmouth;140.46
922;Catherine Sims;63;Smithton;9719.83
923;Glenn Cook;75;Lisachester;2379.95
924;Courtney Richardson;34;Lake Ashley;5691.86
925;Cody Steele;68;West William;6477.58
926;Richard Stewart;43;East Regina;5367.4
927;Thomas Ward;24;West Mercedes;5221.47
928;Patrick Gomez;64;New Gabrielview;1927.6
929;Victor Moss;76;Patriciaberg;9188.97
930;Kimberly Meyer;35;Meghanside;2971.07
931;Kimberly Hernandez;79;New Amberside;2239.86
932;Rachel King;64;East Lisa;9600.98
933;Shawn Hoffman;70;Lake Thomas;5196.26
934;Ryan Peters;79;Hallchester;1160.86
935;Marie Vasquez;22;New Jose;288.93
936;Thomas Mckinney;56;New Saraland;9116.59
937;Dean Moreno;60;Xaviermouth;3193.27
938;Mary Wood;60;North Raymond;4104.72
939;Sarah Hall;65;Amyberg;2636.04
940;Christina Mitchell;46;Robertshire;7719.77
941;Kevin Collins;23;West Theresa;6386.51
942;Kristina Dixon;36;Williamstown;9808.77
943;Stephanie Williams;69;Pattonbury;6551.22
944;Courtney Lewis;70;Annettemouth;6645.77
945;Sarah Mitchell;71;Watkinschester;8071.92
946;David Campos;45;Kingmouth;6512.1
947;Nicole Johnson;30;West Jamie;4167.43
948;Jose Wallace;47;Mistyport;4620.21
949;Kenneth Clay;71;South Mitchellborough;5703.63
950;Courtney Washington;71;North Ashley;1764.94
951;Traci Dalton;35;Theresahaven;4682.08
952;Emily Buchanan;69;Lisaland;6046.45
953;Jennifer Evans;40;Jamesbury;5121.85
954;Maxwell Greene;42;New Nancy;8283.83
955;Jane Williams;42;West Roger;612.57
956;Mary Jones;32;Tranfort;295.06
957;Tammy Garcia MD;24;Ramirezmouth;6214.45
958;Alyssa Goodman;20;Rossfort;6999.44
959;David Martin;29;West Nicholasview;5169.06
960;Nicholas Bates;31;Holmesville;818.72
961;Eric Vaughn;64;Port Christian;7785.86
962;Krista Martinez;30;Susanfort;7687.6
963;Anna Obrien;20;New Jonathantown;3411.68
964;Angela Johnson;56;Aprilbury;698.4
965;Suzanne Harris;35;Port Cynthiaport;645.09
966;Lindsey Garcia;62;Lake Jennytown;5229.65
967;David Hicks;65;South Melissa;446.61
968;Mark Vasquez;48;Port Darren;9396.0
969;Scott Jones;44;Lake Samuel;9240.19
970;Jamie Jones;32;Reginaberg;1687.27
971;Wesley Lynch;63;Melissafurt;5707.34
972;Mark Simpson;47;Sarahport;9044.49
973;Jonathan Roberts;78;South Christopherberg;122.38
974;Julie Phillips;78;Jessicabury;9464.55
975;Brittney Dickerson;75;Boydborough;6169.51
976;Jared Perez;72;Lauraberg;5105.89
977;Sandra Snyder;76;Aliciamouth;730.71
978;Paul Merritt;47;Port Jasminefort;6793.96
979;Marc Ferguson;56;East Rebecca;7564.16
980;John Bradshaw;46;Michellemouth;9373.04
981;Connie Powell;22;Lake Daniellefort;244.4
982;David Watts;72;Dominiquehaven;4111.81
983;David Hill;57;East Tammy;4806.41
984;Brian Love;62;Charlesside;9814.83
985;Taylor Cooper;52;Port Francisco;6553.13
986;Jane Anderson;72;Amandamouth;842.69
987;Lance Warner;21;Martinville;7880.64
988;Jodi Perry;60;Santoschester;2431.19
989;Philip Hill PhD;54;North Thomas;5790.62
990;Heather Anderson;54;Changtown;2515.88
991;Christopher Sanders;63;Penningtonview;2291.3
992;Henry Ewing;72;Hendersonfort;1786.79
993;Kimberly Ward;40;Port Kaitlin;5475.6
994;Erik Walls;66;Justinstad;9573.63
995;Kimberly Harrison;23;New Bonnieview;2538.94
996;Taylor Green;74;Katherinehaven;1939.88
997;Jessica Thompson;70;East Randy;7798.57
998;Jennifer Klein;29;Adamland;4973.74
999;Seth Smith;19;Wolfmouth;6318.82
1000;Traci Fields;61;Jeremyville;8722.74
